mse_teste,mae_teste
0.0019913043361157,0.0056235529482364
0.0016885821241885,0.0047808201052248
0.0018900637514889,0.0061169946566224
0.0019711689092218876,0.004802694544196129
