mse_teste,mae_teste
0.0016705184243619442,0.006598564796149731
