mse_teste,mae_teste
0.0022768306080251,0.0075132139027118
0.0016215975629165,0.006812400650233
0.0019739381968975,0.0080092325806617
0.0019088599365204,0.007118284702301
0.0021322991233319,0.007413076236844
0.0019390148809179,0.0063760736957192
0.0022910865955054,0.0074796709232032
0.0017986653838306,0.0073425653390586
0.0016518167685717344,0.007586708292365074
