mse_teste,mae_teste
0.0016536472830921412,0.006671553011983633
