mse_teste,mae_teste
0.0032376444432884455,0.005254653282463551
