mse_teste,mae_teste
0.0012621594360098243,0.005252010654658079
