data_hora,tempo_execucao_segundos
2025-08-27 19:14:25.219549,47.44752740859985
