data_hora,tempo_execucao_segundos
2025-07-24 17:55:24.807475,31.652949810028076
