data_hora,tempo_execucao_segundos
2025-08-27 19:12:14.114318,69.1407241821289
